,product,region,year_month,mean_weighted_price
0,apples per pound,ALASKA,2023-01,2.0281944444444444
1,apples per pound,ALASKA,2023-02,2.14125
2,apples per pound,ALASKA,2023-03,1.8069444444444445
3,apples per pound,ALASKA,2023-04,1.9289285714285713
4,apples per pound,ALASKA,2023-05,2.2208333333333337
5,apples per pound,ALASKA,2023-06,1.8154761904761905
6,apples per pound,ALASKA,2023-07,2.1719999999999997
7,apples per pound,ALASKA,2023-08,2.1664285714285714
8,apples per pound,ALASKA,2023-09,2.205
9,apples per pound,HAWAII,2023-01,2.3244444444444445
10,apples per pound,HAWAII,2023-02,2.3875
11,apples per pound,HAWAII,2023-03,2.3899999999999997
12,apples per pound,HAWAII,2023-04,1.955625
13,apples per pound,HAWAII,2023-05,1.8108333333333333
14,apples per pound,HAWAII,2023-06,2.381333333333333
15,apples per pound,HAWAII,2023-07,2.29
16,apples per pound,HAWAII,2023-08,1.9874999999999998
17,apples per pound,HAWAII,2023-09,1.89
18,apples per pound,MIDWEST U.S.,2023-01,1.4301666666666666
19,apples per pound,MIDWEST U.S.,2023-02,1.4725
20,apples per pound,MIDWEST U.S.,2023-03,1.5248666666666666
21,apples per pound,MIDWEST U.S.,2023-04,1.4633333333333334
22,apples per pound,MIDWEST U.S.,2023-05,1.577
23,apples per pound,MIDWEST U.S.,2023-06,1.43745
24,apples per pound,MIDWEST U.S.,2023-07,1.6039583333333334
25,apples per pound,MIDWEST U.S.,2023-08,1.5352083333333333
26,apples per pound,MIDWEST U.S.,2023-09,1.6383333333333334
27,apples per pound,NATIONAL,2023-01,1.4081666666666668
28,apples per pound,NATIONAL,2023-02,1.5181666666666667
29,apples per pound,NATIONAL,2023-03,1.7297999999999998
30,apples per pound,NATIONAL,2023-04,1.5289166666666667
31,apples per pound,NATIONAL,2023-05,1.6320000000000001
32,apples per pound,NATIONAL,2023-06,1.504
33,apples per pound,NATIONAL,2023-07,1.7728125
34,apples per pound,NATIONAL,2023-08,1.7358333333333331
35,apples per pound,NATIONAL,2023-09,1.5772727272727274
36,apples per pound,NORTHEAST U.S.,2023-01,1.5265833333333334
37,apples per pound,NORTHEAST U.S.,2023-02,1.5727499999999999
38,apples per pound,NORTHEAST U.S.,2023-03,1.9658703703703704
39,apples per pound,NORTHEAST U.S.,2023-04,1.6598148148148146
40,apples per pound,NORTHEAST U.S.,2023-05,1.750952380952381
41,apples per pound,NORTHEAST U.S.,2023-06,1.9252777777777776
42,apples per pound,NORTHEAST U.S.,2023-07,1.9937500000000001
43,apples per pound,NORTHEAST U.S.,2023-08,1.829404761904762
44,apples per pound,NORTHEAST U.S.,2023-09,1.4842857142857144
45,apples per pound,NORTHWEST U.S.,2023-01,1.389375
46,apples per pound,NORTHWEST U.S.,2023-02,1.582222222222222
47,apples per pound,NORTHWEST U.S.,2023-03,1.3711428571428572
48,apples per pound,NORTHWEST U.S.,2023-04,1.3653571428571427
49,apples per pound,NORTHWEST U.S.,2023-05,1.4157142857142857
50,apples per pound,NORTHWEST U.S.,2023-06,1.3033333333333332
51,apples per pound,NORTHWEST U.S.,2023-07,1.6375
52,apples per pound,NORTHWEST U.S.,2023-08,1.553095238095238
53,apples per pound,NORTHWEST U.S.,2023-09,1.832
54,apples per pound,SOUTH CENTRAL U.S.,2023-01,1.411111111111111
55,apples per pound,SOUTH CENTRAL U.S.,2023-02,1.5682142857142858
56,apples per pound,SOUTH CENTRAL U.S.,2023-03,1.7663125
57,apples per pound,SOUTH CENTRAL U.S.,2023-04,1.7046428571428573
58,apples per pound,SOUTH CENTRAL U.S.,2023-05,1.7843055555555554
59,apples per pound,SOUTH CENTRAL U.S.,2023-06,1.70075
60,apples per pound,SOUTH CENTRAL U.S.,2023-07,1.7326388888888886
61,apples per pound,SOUTH CENTRAL U.S.,2023-08,1.7588888888888887
62,apples per pound,SOUTH CENTRAL U.S.,2023-09,1.5333333333333334
63,apples per pound,SOUTHEAST U.S.,2023-01,1.8871428571428572
64,apples per pound,SOUTHEAST U.S.,2023-02,2.0370833333333334
65,apples per pound,SOUTHEAST U.S.,2023-03,1.95975
66,apples per pound,SOUTHEAST U.S.,2023-04,1.838611111111111
67,apples per pound,SOUTHEAST U.S.,2023-05,1.7066666666666668
68,apples per pound,SOUTHEAST U.S.,2023-06,1.8615277777777777
69,apples per pound,SOUTHEAST U.S.,2023-07,2.1466666666666665
70,apples per pound,SOUTHEAST U.S.,2023-08,1.9161111111111113
71,apples per pound,SOUTHEAST U.S.,2023-09,1.785
72,apples per pound,SOUTHWEST U.S.,2023-01,1.304074074074074
73,apples per pound,SOUTHWEST U.S.,2023-02,1.4652777777777777
74,apples per pound,SOUTHWEST U.S.,2023-03,1.6469375
75,apples per pound,SOUTHWEST U.S.,2023-04,1.440625
76,apples per pound,SOUTHWEST U.S.,2023-05,1.4523958333333333
77,apples per pound,SOUTHWEST U.S.,2023-06,1.4384285714285716
78,apples per pound,SOUTHWEST U.S.,2023-07,1.6335000000000002
79,apples per pound,SOUTHWEST U.S.,2023-08,1.43375
80,apples per pound,SOUTHWEST U.S.,2023-09,1.8199999999999998
81,beans per pound,ALASKA,2023-01,2.48
82,beans per pound,ALASKA,2023-03,2.4349999999999996
83,beans per pound,ALASKA,2023-04,2.45
84,beans per pound,ALASKA,2023-05,2.98
85,beans per pound,ALASKA,2023-06,2.59
86,beans per pound,ALASKA,2023-07,3.135
87,beans per pound,ALASKA,2023-09,2.99
88,beans per pound,HAWAII,2023-07,3.99
89,beans per pound,MIDWEST U.S.,2023-01,1.335
90,beans per pound,MIDWEST U.S.,2023-02,1.7366666666666666
91,beans per pound,MIDWEST U.S.,2023-03,1.6039999999999999
92,beans per pound,MIDWEST U.S.,2023-04,1.78
93,beans per pound,MIDWEST U.S.,2023-05,1.8
94,beans per pound,MIDWEST U.S.,2023-06,1.674
95,beans per pound,MIDWEST U.S.,2023-07,1.5150000000000001
96,beans per pound,MIDWEST U.S.,2023-08,1.5175
97,beans per pound,MIDWEST U.S.,2023-09,1.28
98,beans per pound,NATIONAL,2023-01,1.8075
99,beans per pound,NATIONAL,2023-02,2.0525
100,beans per pound,NATIONAL,2023-03,1.874
101,beans per pound,NATIONAL,2023-04,1.88
102,beans per pound,NATIONAL,2023-05,1.7149999999999999
103,beans per pound,NATIONAL,2023-06,1.842
104,beans per pound,NATIONAL,2023-07,1.9324999999999999
105,beans per pound,NATIONAL,2023-08,1.7225000000000001
106,beans per pound,NATIONAL,2023-09,1.7
107,beans per pound,NORTHEAST U.S.,2023-01,1.88
108,beans per pound,NORTHEAST U.S.,2023-02,1.8399999999999999
109,beans per pound,NORTHEAST U.S.,2023-03,1.714
110,beans per pound,NORTHEAST U.S.,2023-04,1.71
111,beans per pound,NORTHEAST U.S.,2023-05,1.6025
112,beans per pound,NORTHEAST U.S.,2023-06,1.738
113,beans per pound,NORTHEAST U.S.,2023-07,1.74
114,beans per pound,NORTHEAST U.S.,2023-08,1.545
115,beans per pound,NORTHEAST U.S.,2023-09,1.63
116,beans per pound,NORTHWEST U.S.,2023-01,1.815
117,beans per pound,NORTHWEST U.S.,2023-02,0.89
118,beans per pound,NORTHWEST U.S.,2023-03,2.3560000000000003
119,beans per pound,NORTHWEST U.S.,2023-04,2.49
120,beans per pound,NORTHWEST U.S.,2023-05,2.685
121,beans per pound,NORTHWEST U.S.,2023-06,1.6300000000000001
122,beans per pound,NORTHWEST U.S.,2023-07,2.16
123,beans per pound,NORTHWEST U.S.,2023-08,2.115
124,beans per pound,SOUTH CENTRAL U.S.,2023-01,1.73
125,beans per pound,SOUTH CENTRAL U.S.,2023-02,1.4933333333333334
126,beans per pound,SOUTH CENTRAL U.S.,2023-03,1.4780000000000002
127,beans per pound,SOUTH CENTRAL U.S.,2023-04,1.5699999999999998
128,beans per pound,SOUTH CENTRAL U.S.,2023-05,1.99
129,beans per pound,SOUTH CENTRAL U.S.,2023-06,1.56
130,beans per pound,SOUTH CENTRAL U.S.,2023-07,1.4125
131,beans per pound,SOUTH CENTRAL U.S.,2023-08,1.6266666666666667
132,beans per pound,SOUTH CENTRAL U.S.,2023-09,1.46
133,beans per pound,SOUTHEAST U.S.,2023-01,1.9525
134,beans per pound,SOUTHEAST U.S.,2023-02,2.12
135,beans per pound,SOUTHEAST U.S.,2023-03,1.996
136,beans per pound,SOUTHEAST U.S.,2023-04,1.9874999999999998
137,beans per pound,SOUTHEAST U.S.,2023-05,1.7475
138,beans per pound,SOUTHEAST U.S.,2023-06,1.9280000000000002
139,beans per pound,SOUTHEAST U.S.,2023-07,2.1425
140,beans per pound,SOUTHEAST U.S.,2023-08,1.955
141,beans per pound,SOUTHEAST U.S.,2023-09,1.98
142,beans per pound,SOUTHWEST U.S.,2023-01,1.44
143,beans per pound,SOUTHWEST U.S.,2023-02,1.6900000000000002
144,beans per pound,SOUTHWEST U.S.,2023-03,1.298
145,beans per pound,SOUTHWEST U.S.,2023-04,1.9666666666666668
146,beans per pound,SOUTHWEST U.S.,2023-05,2.99
147,beans per pound,SOUTHWEST U.S.,2023-06,1.6560000000000001
148,beans per pound,SOUTHWEST U.S.,2023-07,1.3875
149,beans per pound,SOUTHWEST U.S.,2023-08,1.7575
150,beans per pound,SOUTHWEST U.S.,2023-09,1.52
154,chicken fresh bagged,ALASKA,2023-01,2.015
155,chicken fresh bagged,ALASKA,2023-02,2.3900000000000006
156,chicken fresh bagged,ALASKA,2023-03,1.6949999999999998
157,chicken fresh bagged,ALASKA,2023-04,1.2825000000000002
158,chicken fresh bagged,ALASKA,2023-05,2.43
159,chicken fresh bagged,ALASKA,2023-06,2.4400000000000004
160,chicken fresh bagged,ALASKA,2023-07,1.84
161,chicken fresh bagged,ALASKA,2023-08,1.9475000000000002
162,chicken fresh bagged,ALASKA,2023-09,1.53
163,chicken fresh bagged,ALASKA,2023-10,2.1833333333333336
164,chicken fresh bagged,ALASKA,2023-11,1.9566666666666668
165,chicken fresh bagged,ALASKA,2023-12,1.8399999999999999
166,chicken fresh bagged,HAWAII,2023-03,2.84
167,chicken fresh bagged,HAWAII,2023-06,3.2800000000000002
168,chicken fresh bagged,HAWAII,2023-07,0.99
169,chicken fresh bagged,HAWAII,2023-08,1.99
170,chicken fresh bagged,HAWAII,2023-09,2.31
171,chicken fresh bagged,HAWAII,2023-10,1.09
172,chicken fresh bagged,HAWAII,2023-11,2.19
173,chicken fresh bagged,HAWAII,2023-12,1.89
174,chicken fresh bagged,MIDWEST U.S.,2023-01,1.3544444444444441
175,chicken fresh bagged,MIDWEST U.S.,2023-02,1.0816666666666666
176,chicken fresh bagged,MIDWEST U.S.,2023-03,1.1223333333333332
177,chicken fresh bagged,MIDWEST U.S.,2023-04,1.025
178,chicken fresh bagged,MIDWEST U.S.,2023-05,1.1683333333333334
179,chicken fresh bagged,MIDWEST U.S.,2023-06,0.977
180,chicken fresh bagged,MIDWEST U.S.,2023-07,1.3870833333333334
181,chicken fresh bagged,MIDWEST U.S.,2023-08,1.06375
182,chicken fresh bagged,MIDWEST U.S.,2023-09,1.009
183,chicken fresh bagged,MIDWEST U.S.,2023-10,0.9870833333333333
184,chicken fresh bagged,MIDWEST U.S.,2023-11,1.3854166666666665
185,chicken fresh bagged,MIDWEST U.S.,2023-12,1.238
186,chicken fresh bagged,NATIONAL,2023-01,1.1255555555555554
187,chicken fresh bagged,NATIONAL,2023-02,1.1433333333333335
188,chicken fresh bagged,NATIONAL,2023-03,1.1303333333333332
189,chicken fresh bagged,NATIONAL,2023-04,1.1125
190,chicken fresh bagged,NATIONAL,2023-05,1.0891666666666666
191,chicken fresh bagged,NATIONAL,2023-06,1.0936666666666668
192,chicken fresh bagged,NATIONAL,2023-07,1.1804166666666667
193,chicken fresh bagged,NATIONAL,2023-08,1.1495833333333332
194,chicken fresh bagged,NATIONAL,2023-09,1.0723333333333334
195,chicken fresh bagged,NATIONAL,2023-10,1.1433333333333333
196,chicken fresh bagged,NATIONAL,2023-11,1.1658333333333335
197,chicken fresh bagged,NATIONAL,2023-12,1.228
198,chicken fresh bagged,NORTHEAST U.S.,2023-01,1.1322222222222222
199,chicken fresh bagged,NORTHEAST U.S.,2023-02,1.1616666666666666
200,chicken fresh bagged,NORTHEAST U.S.,2023-03,1.2642
201,chicken fresh bagged,NORTHEAST U.S.,2023-04,1.11125
202,chicken fresh bagged,NORTHEAST U.S.,2023-05,1.0462500000000001
203,chicken fresh bagged,NORTHEAST U.S.,2023-06,1.1400000000000001
204,chicken fresh bagged,NORTHEAST U.S.,2023-07,1.2870833333333336
205,chicken fresh bagged,NORTHEAST U.S.,2023-08,1.17625
206,chicken fresh bagged,NORTHEAST U.S.,2023-09,1.2123333333333333
207,chicken fresh bagged,NORTHEAST U.S.,2023-10,1.15625
208,chicken fresh bagged,NORTHEAST U.S.,2023-11,1.3316666666666666
209,chicken fresh bagged,NORTHEAST U.S.,2023-12,1.3399999999999999
210,chicken fresh bagged,NORTHWEST U.S.,2023-01,1.4699999999999998
211,chicken fresh bagged,NORTHWEST U.S.,2023-02,1.3533333333333335
212,chicken fresh bagged,NORTHWEST U.S.,2023-03,1.36
213,chicken fresh bagged,NORTHWEST U.S.,2023-04,1.4100000000000001
214,chicken fresh bagged,NORTHWEST U.S.,2023-05,1.4900000000000002
215,chicken fresh bagged,NORTHWEST U.S.,2023-06,1.465
216,chicken fresh bagged,NORTHWEST U.S.,2023-07,1.3566666666666667
217,chicken fresh bagged,NORTHWEST U.S.,2023-08,1.2633333333333332
218,chicken fresh bagged,NORTHWEST U.S.,2023-09,1.355
219,chicken fresh bagged,NORTHWEST U.S.,2023-10,1.3933333333333333
220,chicken fresh bagged,NORTHWEST U.S.,2023-11,1.3575
221,chicken fresh bagged,NORTHWEST U.S.,2023-12,1.4266666666666665
222,chicken fresh bagged,SOUTH CENTRAL U.S.,2023-01,1.0161111111111112
223,chicken fresh bagged,SOUTH CENTRAL U.S.,2023-02,0.9904166666666666
224,chicken fresh bagged,SOUTH CENTRAL U.S.,2023-03,0.9583333333333334
225,chicken fresh bagged,SOUTH CENTRAL U.S.,2023-04,0.9945833333333334
226,chicken fresh bagged,SOUTH CENTRAL U.S.,2023-05,0.9229166666666667
227,chicken fresh bagged,SOUTH CENTRAL U.S.,2023-06,0.9186666666666667
228,chicken fresh bagged,SOUTH CENTRAL U.S.,2023-07,1.0833333333333335
229,chicken fresh bagged,SOUTH CENTRAL U.S.,2023-08,1.07
230,chicken fresh bagged,SOUTH CENTRAL U.S.,2023-09,0.975
231,chicken fresh bagged,SOUTH CENTRAL U.S.,2023-10,1.0883333333333334
232,chicken fresh bagged,SOUTH CENTRAL U.S.,2023-11,0.9745833333333334
233,chicken fresh bagged,SOUTH CENTRAL U.S.,2023-12,0.9810000000000001
234,chicken fresh bagged,SOUTHEAST U.S.,2023-01,1.0450000000000002
235,chicken fresh bagged,SOUTHEAST U.S.,2023-02,0.96625
236,chicken fresh bagged,SOUTHEAST U.S.,2023-03,1.0844
237,chicken fresh bagged,SOUTHEAST U.S.,2023-04,1.2629166666666667
238,chicken fresh bagged,SOUTHEAST U.S.,2023-05,0.9750000000000001
239,chicken fresh bagged,SOUTHEAST U.S.,2023-06,1.009
240,chicken fresh bagged,SOUTHEAST U.S.,2023-07,1.0474999999999999
241,chicken fresh bagged,SOUTHEAST U.S.,2023-08,1.11375
242,chicken fresh bagged,SOUTHEAST U.S.,2023-09,1.037
243,chicken fresh bagged,SOUTHEAST U.S.,2023-10,0.9825
244,chicken fresh bagged,SOUTHEAST U.S.,2023-11,1.1033333333333333
245,chicken fresh bagged,SOUTHEAST U.S.,2023-12,0.9890000000000001
246,chicken fresh bagged,SOUTHWEST U.S.,2023-01,1.0599999999999998
247,chicken fresh bagged,SOUTHWEST U.S.,2023-02,1.1237499999999998
248,chicken fresh bagged,SOUTHWEST U.S.,2023-03,1.1273333333333333
249,chicken fresh bagged,SOUTHWEST U.S.,2023-04,1.1975
250,chicken fresh bagged,SOUTHWEST U.S.,2023-05,0.9129166666666666
251,chicken fresh bagged,SOUTHWEST U.S.,2023-06,1.311
252,chicken fresh bagged,SOUTHWEST U.S.,2023-07,1.00625
253,chicken fresh bagged,SOUTHWEST U.S.,2023-08,1.2433333333333334
254,chicken fresh bagged,SOUTHWEST U.S.,2023-09,1.266
255,chicken fresh bagged,SOUTHWEST U.S.,2023-10,1.0433333333333332
256,chicken fresh bagged,SOUTHWEST U.S.,2023-11,1.26
257,chicken fresh bagged,SOUTHWEST U.S.,2023-12,1.032
258,ground beef,ALASKA,2023-01,4.751250000000001
259,ground beef,ALASKA,2023-02,3.7695833333333333
260,ground beef,ALASKA,2023-03,4.4558333333333335
261,ground beef,ALASKA,2023-04,4.62125
262,ground beef,ALASKA,2023-05,4.839375
263,ground beef,ALASKA,2023-06,5.943499999999999
264,ground beef,ALASKA,2023-07,4.33625
265,ground beef,ALASKA,2023-08,5.32875
266,ground beef,ALASKA,2023-09,5.017
267,ground beef,ALASKA,2023-10,5.191875
268,ground beef,ALASKA,2023-11,4.57
269,ground beef,ALASKA,2023-12,4.955666666666667
270,ground beef,HAWAII,2023-01,4.8694444444444445
271,ground beef,HAWAII,2023-02,5.3566666666666665
272,ground beef,HAWAII,2023-03,4.251111111111111
273,ground beef,HAWAII,2023-04,4.834444444444444
274,ground beef,HAWAII,2023-05,5.223333333333334
275,ground beef,HAWAII,2023-06,7.644375
276,ground beef,HAWAII,2023-07,6.0912500000000005
277,ground beef,HAWAII,2023-08,5.9775
278,ground beef,HAWAII,2023-09,5.766666666666667
279,ground beef,HAWAII,2023-10,5.66
280,ground beef,HAWAII,2023-11,4.28
281,ground beef,HAWAII,2023-12,4.934
282,ground beef,MIDWEST U.S.,2023-01,4.230972222222222
283,ground beef,MIDWEST U.S.,2023-02,4.345
284,ground beef,MIDWEST U.S.,2023-03,4.53
285,ground beef,MIDWEST U.S.,2023-04,4.680833333333333
286,ground beef,MIDWEST U.S.,2023-05,4.7941666666666665
287,ground beef,MIDWEST U.S.,2023-06,4.851333333333334
288,ground beef,MIDWEST U.S.,2023-07,4.746666666666667
289,ground beef,MIDWEST U.S.,2023-08,4.839166666666666
290,ground beef,MIDWEST U.S.,2023-09,5.028555555555555
291,ground beef,MIDWEST U.S.,2023-10,4.514166666666667
292,ground beef,MIDWEST U.S.,2023-11,5.139722222222222
293,ground beef,MIDWEST U.S.,2023-12,4.430666666666667
294,ground beef,NATIONAL,2023-01,4.0675
295,ground beef,NATIONAL,2023-02,4.066666666666666
296,ground beef,NATIONAL,2023-03,4.196000000000001
297,ground beef,NATIONAL,2023-04,4.28
298,ground beef,NATIONAL,2023-05,4.445833333333334
299,ground beef,NATIONAL,2023-06,4.436
300,ground beef,NATIONAL,2023-07,4.479166666666667
301,ground beef,NATIONAL,2023-08,4.400833333333334
302,ground beef,NATIONAL,2023-09,4.482
303,ground beef,NATIONAL,2023-10,4.607500000000001
304,ground beef,NATIONAL,2023-11,4.9675
305,ground beef,NATIONAL,2023-12,4.350666666666666
306,ground beef,NORTHEAST U.S.,2023-01,4.226666666666667
307,ground beef,NORTHEAST U.S.,2023-02,4.39513888888889
308,ground beef,NORTHEAST U.S.,2023-03,4.501444444444445
309,ground beef,NORTHEAST U.S.,2023-04,4.4127777777777775
310,ground beef,NORTHEAST U.S.,2023-05,4.429027777777779
311,ground beef,NORTHEAST U.S.,2023-06,4.537277777777778
312,ground beef,NORTHEAST U.S.,2023-07,4.499305555555556
313,ground beef,NORTHEAST U.S.,2023-08,4.679444444444445
314,ground beef,NORTHEAST U.S.,2023-09,4.543777777777778
315,ground beef,NORTHEAST U.S.,2023-10,4.615138888888889
316,ground beef,NORTHEAST U.S.,2023-11,4.821527777777778
317,ground beef,NORTHEAST U.S.,2023-12,4.314333333333334
318,ground beef,NORTHWEST U.S.,2023-01,4.338333333333334
319,ground beef,NORTHWEST U.S.,2023-02,4.530555555555555
320,ground beef,NORTHWEST U.S.,2023-03,3.9600000000000004
321,ground beef,NORTHWEST U.S.,2023-04,4.431805555555556
322,ground beef,NORTHWEST U.S.,2023-05,4.708333333333333
323,ground beef,NORTHWEST U.S.,2023-06,4.02525
324,ground beef,NORTHWEST U.S.,2023-07,4.137777777777778
325,ground beef,NORTHWEST U.S.,2023-08,3.9970833333333338
326,ground beef,NORTHWEST U.S.,2023-09,4.3021111111111106
327,ground beef,NORTHWEST U.S.,2023-10,4.570277777777778
328,ground beef,NORTHWEST U.S.,2023-11,4.815
329,ground beef,NORTHWEST U.S.,2023-12,4.321777777777778
330,ground beef,SOUTH CENTRAL U.S.,2023-01,4.067638888888889
331,ground beef,SOUTH CENTRAL U.S.,2023-02,3.7184722222222226
332,ground beef,SOUTH CENTRAL U.S.,2023-03,4.023333333333333
333,ground beef,SOUTH CENTRAL U.S.,2023-04,4.0740625
334,ground beef,SOUTH CENTRAL U.S.,2023-05,4.1362499999999995
335,ground beef,SOUTH CENTRAL U.S.,2023-06,4.644666666666667
336,ground beef,SOUTH CENTRAL U.S.,2023-07,4.4743055555555555
337,ground beef,SOUTH CENTRAL U.S.,2023-08,4.272083333333334
338,ground beef,SOUTH CENTRAL U.S.,2023-09,4.568222222222222
339,ground beef,SOUTH CENTRAL U.S.,2023-10,4.277083333333334
340,ground beef,SOUTH CENTRAL U.S.,2023-11,4.274305555555556
341,ground beef,SOUTH CENTRAL U.S.,2023-12,4.246666666666667
342,ground beef,SOUTHEAST U.S.,2023-01,3.9493055555555556
343,ground beef,SOUTHEAST U.S.,2023-02,4.345
344,ground beef,SOUTHEAST U.S.,2023-03,4.390888888888889
345,ground beef,SOUTHEAST U.S.,2023-04,4.668611111111111
346,ground beef,SOUTHEAST U.S.,2023-05,4.9075
347,ground beef,SOUTHEAST U.S.,2023-06,4.629888888888889
348,ground beef,SOUTHEAST U.S.,2023-07,4.779583333333334
349,ground beef,SOUTHEAST U.S.,2023-08,4.573194444444444
350,ground beef,SOUTHEAST U.S.,2023-09,4.6433333333333335
351,ground beef,SOUTHEAST U.S.,2023-10,4.698611111111112
352,ground beef,SOUTHEAST U.S.,2023-11,5.0125
353,ground beef,SOUTHEAST U.S.,2023-12,4.709888888888889
354,ground beef,SOUTHWEST U.S.,2023-01,4.387083333333334
355,ground beef,SOUTHWEST U.S.,2023-02,4.27125
356,ground beef,SOUTHWEST U.S.,2023-03,4.553583333333333
357,ground beef,SOUTHWEST U.S.,2023-04,4.180555555555556
358,ground beef,SOUTHWEST U.S.,2023-05,4.175972222222222
359,ground beef,SOUTHWEST U.S.,2023-06,4.418666666666667
360,ground beef,SOUTHWEST U.S.,2023-07,4.603750000000001
361,ground beef,SOUTHWEST U.S.,2023-08,4.29625
362,ground beef,SOUTHWEST U.S.,2023-09,4.63
363,ground beef,SOUTHWEST U.S.,2023-10,4.703611111111111
364,ground beef,SOUTHWEST U.S.,2023-11,4.751342592592593
365,ground beef,SOUTHWEST U.S.,2023-12,4.748
383,lettuce per pound,HAWAII,2023-04,1.99
384,lettuce per pound,HAWAII,2023-05,1.59
385,lettuce per pound,HAWAII,2023-06,1.89
386,lettuce per pound,HAWAII,2023-08,1.39
387,lettuce per pound,MIDWEST U.S.,2023-01,1.99
388,lettuce per pound,MIDWEST U.S.,2023-02,1.9
389,lettuce per pound,MIDWEST U.S.,2023-03,1.89
390,lettuce per pound,MIDWEST U.S.,2023-04,1.79
391,lettuce per pound,MIDWEST U.S.,2023-05,1.49
392,lettuce per pound,MIDWEST U.S.,2023-06,1.4233333333333331
393,lettuce per pound,MIDWEST U.S.,2023-07,1.4633333333333332
394,lettuce per pound,MIDWEST U.S.,2023-08,1.7875
395,lettuce per pound,MIDWEST U.S.,2023-09,1.77
396,lettuce per pound,NATIONAL,2023-01,2.3375
397,lettuce per pound,NATIONAL,2023-02,2.010416666666667
398,lettuce per pound,NATIONAL,2023-03,2.0683333333333334
399,lettuce per pound,NATIONAL,2023-04,1.5916666666666668
400,lettuce per pound,NATIONAL,2023-05,1.3599999999999999
401,lettuce per pound,NATIONAL,2023-06,1.6886666666666665
402,lettuce per pound,NATIONAL,2023-07,1.5733333333333333
403,lettuce per pound,NATIONAL,2023-08,1.745
404,lettuce per pound,NATIONAL,2023-09,1.82
405,lettuce per pound,NORTHEAST U.S.,2023-01,2.99
406,lettuce per pound,NORTHEAST U.S.,2023-02,2.145
407,lettuce per pound,NORTHEAST U.S.,2023-03,2.2525000000000004
408,lettuce per pound,NORTHEAST U.S.,2023-04,1.49
409,lettuce per pound,NORTHEAST U.S.,2023-05,1.225
410,lettuce per pound,NORTHEAST U.S.,2023-06,1.718
411,lettuce per pound,NORTHEAST U.S.,2023-07,1.6758333333333333
412,lettuce per pound,NORTHEAST U.S.,2023-08,1.7325
413,lettuce per pound,NORTHEAST U.S.,2023-09,1.84
414,lettuce per pound,NORTHWEST U.S.,2023-01,1.5
415,lettuce per pound,NORTHWEST U.S.,2023-06,1.5
416,lettuce per pound,NORTHWEST U.S.,2023-07,1.5
417,lettuce per pound,SOUTH CENTRAL U.S.,2023-02,2.49
418,lettuce per pound,SOUTH CENTRAL U.S.,2023-03,2.48
419,lettuce per pound,SOUTH CENTRAL U.S.,2023-06,1.78
420,lettuce per pound,SOUTH CENTRAL U.S.,2023-08,1.48
421,lettuce per pound,SOUTHEAST U.S.,2023-05,1.49
422,lettuce per pound,SOUTHEAST U.S.,2023-07,1.8233333333333333
423,lettuce per pound,SOUTHEAST U.S.,2023-08,1.49
597,pork breakfast sausage,ALASKA,2023-01,5.99
598,pork breakfast sausage,ALASKA,2023-02,5.99
599,pork breakfast sausage,ALASKA,2023-03,4.156666666666667
600,pork breakfast sausage,ALASKA,2023-04,6.195
601,pork breakfast sausage,ALASKA,2023-06,5.289999999999999
602,pork breakfast sausage,ALASKA,2023-07,4.99
603,pork breakfast sausage,ALASKA,2023-08,6.073333333333333
604,pork breakfast sausage,ALASKA,2023-09,4.325
605,pork breakfast sausage,ALASKA,2023-10,6.43
606,pork breakfast sausage,ALASKA,2023-11,5.353333333333333
607,pork breakfast sausage,ALASKA,2023-12,4.705
608,pork breakfast sausage,HAWAII,2023-01,3.495
609,pork breakfast sausage,HAWAII,2023-02,4.495
610,pork breakfast sausage,HAWAII,2023-03,3.34
611,pork breakfast sausage,HAWAII,2023-04,5.32
612,pork breakfast sausage,HAWAII,2023-05,3.24
613,pork breakfast sausage,HAWAII,2023-08,5.99
614,pork breakfast sausage,HAWAII,2023-09,6.389999999999999
615,pork breakfast sausage,HAWAII,2023-10,4.55
616,pork breakfast sausage,HAWAII,2023-11,4.285
617,pork breakfast sausage,HAWAII,2023-12,3.99
618,pork breakfast sausage,MIDWEST U.S.,2023-01,3.9274999999999998
619,pork breakfast sausage,MIDWEST U.S.,2023-02,3.7399999999999998
620,pork breakfast sausage,MIDWEST U.S.,2023-03,3.69
621,pork breakfast sausage,MIDWEST U.S.,2023-04,3.6525000000000003
622,pork breakfast sausage,MIDWEST U.S.,2023-05,3.675
623,pork breakfast sausage,MIDWEST U.S.,2023-06,3.6700000000000004
624,pork breakfast sausage,MIDWEST U.S.,2023-07,3.89
625,pork breakfast sausage,MIDWEST U.S.,2023-08,3.7475
626,pork breakfast sausage,MIDWEST U.S.,2023-09,4.0920000000000005
627,pork breakfast sausage,MIDWEST U.S.,2023-10,4.1225000000000005
628,pork breakfast sausage,MIDWEST U.S.,2023-11,3.7275
629,pork breakfast sausage,MIDWEST U.S.,2023-12,3.63
630,pork breakfast sausage,NATIONAL,2023-01,3.9725
631,pork breakfast sausage,NATIONAL,2023-02,3.715
632,pork breakfast sausage,NATIONAL,2023-03,3.846
633,pork breakfast sausage,NATIONAL,2023-04,3.8175000000000003
634,pork breakfast sausage,NATIONAL,2023-05,3.6550000000000002
635,pork breakfast sausage,NATIONAL,2023-06,3.6079999999999997
636,pork breakfast sausage,NATIONAL,2023-07,3.7475
637,pork breakfast sausage,NATIONAL,2023-08,3.9475000000000002
638,pork breakfast sausage,NATIONAL,2023-09,3.9659999999999997
639,pork breakfast sausage,NATIONAL,2023-10,4.1175
640,pork breakfast sausage,NATIONAL,2023-11,3.7775
641,pork breakfast sausage,NATIONAL,2023-12,3.724
642,pork breakfast sausage,NORTHEAST U.S.,2023-01,4.66
643,pork breakfast sausage,NORTHEAST U.S.,2023-02,4.4775
644,pork breakfast sausage,NORTHEAST U.S.,2023-03,4.048
645,pork breakfast sausage,NORTHEAST U.S.,2023-04,4.36
646,pork breakfast sausage,NORTHEAST U.S.,2023-05,4.2625
647,pork breakfast sausage,NORTHEAST U.S.,2023-06,3.8579999999999997
648,pork breakfast sausage,NORTHEAST U.S.,2023-07,4.025
649,pork breakfast sausage,NORTHEAST U.S.,2023-08,3.8525
650,pork breakfast sausage,NORTHEAST U.S.,2023-09,3.96
651,pork breakfast sausage,NORTHEAST U.S.,2023-10,4.2425
652,pork breakfast sausage,NORTHEAST U.S.,2023-11,3.8175
653,pork breakfast sausage,NORTHEAST U.S.,2023-12,3.982
654,pork breakfast sausage,NORTHWEST U.S.,2023-01,4.595
655,pork breakfast sausage,NORTHWEST U.S.,2023-02,3.3800000000000003
656,pork breakfast sausage,NORTHWEST U.S.,2023-03,4.932
657,pork breakfast sausage,NORTHWEST U.S.,2023-04,3.68
658,pork breakfast sausage,NORTHWEST U.S.,2023-05,3.815
659,pork breakfast sausage,NORTHWEST U.S.,2023-06,3.818
660,pork breakfast sausage,NORTHWEST U.S.,2023-07,3.5400000000000005
661,pork breakfast sausage,NORTHWEST U.S.,2023-08,4.725
662,pork breakfast sausage,NORTHWEST U.S.,2023-09,4.3
663,pork breakfast sausage,NORTHWEST U.S.,2023-10,4.2
664,pork breakfast sausage,NORTHWEST U.S.,2023-11,4.1875
665,pork breakfast sausage,NORTHWEST U.S.,2023-12,3.9840000000000004
666,pork breakfast sausage,SOUTH CENTRAL U.S.,2023-01,3.735
667,pork breakfast sausage,SOUTH CENTRAL U.S.,2023-02,3.4775
668,pork breakfast sausage,SOUTH CENTRAL U.S.,2023-03,3.5439999999999996
669,pork breakfast sausage,SOUTH CENTRAL U.S.,2023-04,3.535
670,pork breakfast sausage,SOUTH CENTRAL U.S.,2023-05,3.57
671,pork breakfast sausage,SOUTH CENTRAL U.S.,2023-06,3.71
672,pork breakfast sausage,SOUTH CENTRAL U.S.,2023-07,3.4875
673,pork breakfast sausage,SOUTH CENTRAL U.S.,2023-08,3.8175
674,pork breakfast sausage,SOUTH CENTRAL U.S.,2023-09,3.664
675,pork breakfast sausage,SOUTH CENTRAL U.S.,2023-10,3.8475
676,pork breakfast sausage,SOUTH CENTRAL U.S.,2023-11,3.985
677,pork breakfast sausage,SOUTH CENTRAL U.S.,2023-12,3.6659999999999995
678,pork breakfast sausage,SOUTHEAST U.S.,2023-01,3.5575
679,pork breakfast sausage,SOUTHEAST U.S.,2023-02,3.6350000000000002
680,pork breakfast sausage,SOUTHEAST U.S.,2023-03,3.6260000000000003
681,pork breakfast sausage,SOUTHEAST U.S.,2023-04,3.87
682,pork breakfast sausage,SOUTHEAST U.S.,2023-05,3.415
683,pork breakfast sausage,SOUTHEAST U.S.,2023-06,3.382
684,pork breakfast sausage,SOUTHEAST U.S.,2023-07,3.6950000000000003
685,pork breakfast sausage,SOUTHEAST U.S.,2023-08,3.825
686,pork breakfast sausage,SOUTHEAST U.S.,2023-09,4.09
687,pork breakfast sausage,SOUTHEAST U.S.,2023-10,3.925
688,pork breakfast sausage,SOUTHEAST U.S.,2023-11,3.7424999999999997
689,pork breakfast sausage,SOUTHEAST U.S.,2023-12,3.7520000000000002
690,pork breakfast sausage,SOUTHWEST U.S.,2023-01,3.8366666666666664
691,pork breakfast sausage,SOUTHWEST U.S.,2023-02,3.3266666666666667
692,pork breakfast sausage,SOUTHWEST U.S.,2023-03,3.49
693,pork breakfast sausage,SOUTHWEST U.S.,2023-04,3.703333333333333
694,pork breakfast sausage,SOUTHWEST U.S.,2023-05,3.875
695,pork breakfast sausage,SOUTHWEST U.S.,2023-06,3.18
696,pork breakfast sausage,SOUTHWEST U.S.,2023-07,3.2475
697,pork breakfast sausage,SOUTHWEST U.S.,2023-08,4.38
698,pork breakfast sausage,SOUTHWEST U.S.,2023-09,3.5875000000000004
699,pork breakfast sausage,SOUTHWEST U.S.,2023-10,4.575
700,pork breakfast sausage,SOUTHWEST U.S.,2023-11,3.5675
701,pork breakfast sausage,SOUTHWEST U.S.,2023-12,3.66
914,pork chops,ALASKA,2023-01,3.2266666666666666
915,pork chops,ALASKA,2023-02,4.041111111111111
916,pork chops,ALASKA,2023-03,3.5293333333333337
917,pork chops,ALASKA,2023-04,3.653
918,pork chops,ALASKA,2023-05,4.33
919,pork chops,ALASKA,2023-06,3.465
920,pork chops,ALASKA,2023-07,3.3160000000000003
921,pork chops,ALASKA,2023-08,3.6700000000000004
922,pork chops,ALASKA,2023-09,3.5763333333333334
923,pork chops,ALASKA,2023-10,3.6905555555555556
924,pork chops,ALASKA,2023-11,3.4986666666666673
925,pork chops,ALASKA,2023-12,3.777916666666667
926,pork chops,HAWAII,2023-01,2.8833333333333337
927,pork chops,HAWAII,2023-02,2.888125
928,pork chops,HAWAII,2023-03,3.1237500000000002
929,pork chops,HAWAII,2023-04,2.96875
930,pork chops,HAWAII,2023-05,3.154444444444445
931,pork chops,HAWAII,2023-06,4.458375
932,pork chops,HAWAII,2023-07,4.182708333333333
933,pork chops,HAWAII,2023-08,4.448125
934,pork chops,HAWAII,2023-09,4.5105
935,pork chops,HAWAII,2023-10,4.364375
936,pork chops,HAWAII,2023-11,4.677666666666667
937,pork chops,HAWAII,2023-12,5.3786000000000005
938,pork chops,MIDWEST U.S.,2023-01,3.0853125
939,pork chops,MIDWEST U.S.,2023-02,3.569375
940,pork chops,MIDWEST U.S.,2023-03,3.0476875000000003
941,pork chops,MIDWEST U.S.,2023-04,3.2679166666666664
942,pork chops,MIDWEST U.S.,2023-05,3.363020833333333
943,pork chops,MIDWEST U.S.,2023-06,3.3485625
944,pork chops,MIDWEST U.S.,2023-07,3.1640625
945,pork chops,MIDWEST U.S.,2023-08,3.1361458333333334
946,pork chops,MIDWEST U.S.,2023-09,3.130875
947,pork chops,MIDWEST U.S.,2023-10,3.2742708333333335
948,pork chops,MIDWEST U.S.,2023-11,3.5667708333333334
949,pork chops,MIDWEST U.S.,2023-12,3.4554583333333335
950,pork chops,NATIONAL,2023-01,3.2590624999999998
951,pork chops,NATIONAL,2023-02,3.2834375
952,pork chops,NATIONAL,2023-03,3.176625
953,pork chops,NATIONAL,2023-04,3.2590625
954,pork chops,NATIONAL,2023-05,3.293125
955,pork chops,NATIONAL,2023-06,3.14
956,pork chops,NATIONAL,2023-07,3.2175
957,pork chops,NATIONAL,2023-08,3.1812500000000004
958,pork chops,NATIONAL,2023-09,3.1967499999999998
959,pork chops,NATIONAL,2023-10,3.3758333333333335
960,pork chops,NATIONAL,2023-11,3.55125
961,pork chops,NATIONAL,2023-12,3.4831875
962,pork chops,NORTHEAST U.S.,2023-01,3.490595238095238
963,pork chops,NORTHEAST U.S.,2023-02,3.5014285714285713
964,pork chops,NORTHEAST U.S.,2023-03,3.1895000000000002
965,pork chops,NORTHEAST U.S.,2023-04,3.493333333333333
966,pork chops,NORTHEAST U.S.,2023-05,3.5389285714285714
967,pork chops,NORTHEAST U.S.,2023-06,3.35097619047619
968,pork chops,NORTHEAST U.S.,2023-07,3.407857142857143
969,pork chops,NORTHEAST U.S.,2023-08,3.1333333333333333
970,pork chops,NORTHEAST U.S.,2023-09,3.167952380952381
971,pork chops,NORTHEAST U.S.,2023-10,3.3260714285714283
972,pork chops,NORTHEAST U.S.,2023-11,3.178690476190476
973,pork chops,NORTHEAST U.S.,2023-12,3.2
974,pork chops,NORTHWEST U.S.,2023-01,2.833833333333333
975,pork chops,NORTHWEST U.S.,2023-02,2.6704166666666667
976,pork chops,NORTHWEST U.S.,2023-03,2.6350000000000002
977,pork chops,NORTHWEST U.S.,2023-04,2.747361111111111
978,pork chops,NORTHWEST U.S.,2023-05,3.8285714285714287
979,pork chops,NORTHWEST U.S.,2023-06,2.8217222222222222
980,pork chops,NORTHWEST U.S.,2023-07,2.741111111111111
981,pork chops,NORTHWEST U.S.,2023-08,2.902333333333334
982,pork chops,NORTHWEST U.S.,2023-09,2.8539166666666667
983,pork chops,NORTHWEST U.S.,2023-10,2.9825
984,pork chops,NORTHWEST U.S.,2023-11,2.678472222222222
985,pork chops,NORTHWEST U.S.,2023-12,2.8533333333333335
986,pork chops,SOUTH CENTRAL U.S.,2023-01,2.796145833333333
987,pork chops,SOUTH CENTRAL U.S.,2023-02,2.997916666666667
988,pork chops,SOUTH CENTRAL U.S.,2023-03,3.000916666666667
989,pork chops,SOUTH CENTRAL U.S.,2023-04,2.845416666666667
990,pork chops,SOUTH CENTRAL U.S.,2023-05,3.0398958333333335
991,pork chops,SOUTH CENTRAL U.S.,2023-06,2.75075
992,pork chops,SOUTH CENTRAL U.S.,2023-07,2.9229166666666666
993,pork chops,SOUTH CENTRAL U.S.,2023-08,3.046875
994,pork chops,SOUTH CENTRAL U.S.,2023-09,3.000928571428571
995,pork chops,SOUTH CENTRAL U.S.,2023-10,3.0646428571428572
996,pork chops,SOUTH CENTRAL U.S.,2023-11,3.0610714285714287
997,pork chops,SOUTH CENTRAL U.S.,2023-12,3.326190476190476
998,pork chops,SOUTHEAST U.S.,2023-01,3.0705952380952377
999,pork chops,SOUTHEAST U.S.,2023-02,2.886875
1000,pork chops,SOUTHEAST U.S.,2023-03,3.3820208333333333
1001,pork chops,SOUTHEAST U.S.,2023-04,3.0942857142857143
1002,pork chops,SOUTHEAST U.S.,2023-05,2.836145833333333
1003,pork chops,SOUTHEAST U.S.,2023-06,2.9215
1004,pork chops,SOUTHEAST U.S.,2023-07,3.049166666666667
1005,pork chops,SOUTHEAST U.S.,2023-08,3.2566666666666664
1006,pork chops,SOUTHEAST U.S.,2023-09,2.9543809523809523
1007,pork chops,SOUTHEAST U.S.,2023-10,3.211904761904762
1008,pork chops,SOUTHEAST U.S.,2023-11,3.4332142857142856
1009,pork chops,SOUTHEAST U.S.,2023-12,2.98475
1010,pork chops,SOUTHWEST U.S.,2023-01,2.8654166666666665
1011,pork chops,SOUTHWEST U.S.,2023-02,3.1145833333333335
1012,pork chops,SOUTHWEST U.S.,2023-03,2.749452380952381
1013,pork chops,SOUTHWEST U.S.,2023-04,2.8296428571428573
1014,pork chops,SOUTHWEST U.S.,2023-05,2.9476190476190474
1015,pork chops,SOUTHWEST U.S.,2023-06,2.7649375
1016,pork chops,SOUTHWEST U.S.,2023-07,3.336547619047619
1017,pork chops,SOUTHWEST U.S.,2023-08,3.208928571428572
1018,pork chops,SOUTHWEST U.S.,2023-09,3.614214285714286
1019,pork chops,SOUTHWEST U.S.,2023-10,4.007976190476191
1020,pork chops,SOUTHWEST U.S.,2023-11,3.6555555555555554
1021,pork chops,SOUTHWEST U.S.,2023-12,3.5481666666666665
2383,pork sliced bacon,ALASKA,2023-01,7.3950000000000005
2384,pork sliced bacon,ALASKA,2023-02,8.2325
2385,pork sliced bacon,ALASKA,2023-03,7.312
2386,pork sliced bacon,ALASKA,2023-04,7.18
2387,pork sliced bacon,ALASKA,2023-05,7.362499999999999
2388,pork sliced bacon,ALASKA,2023-06,6.117999999999999
2389,pork sliced bacon,ALASKA,2023-07,7.505
2390,pork sliced bacon,ALASKA,2023-08,7.2375
2391,pork sliced bacon,ALASKA,2023-09,6.7700000000000005
2392,pork sliced bacon,ALASKA,2023-10,8.442499999999999
2393,pork sliced bacon,ALASKA,2023-11,6.915
2394,pork sliced bacon,ALASKA,2023-12,6.438
2395,pork sliced bacon,HAWAII,2023-01,5.8075
2396,pork sliced bacon,HAWAII,2023-02,5.9525
2397,pork sliced bacon,HAWAII,2023-03,5.548
2398,pork sliced bacon,HAWAII,2023-04,5.36
2399,pork sliced bacon,HAWAII,2023-05,5.3975
2400,pork sliced bacon,HAWAII,2023-06,7.146000000000001
2401,pork sliced bacon,HAWAII,2023-07,7.3375
2402,pork sliced bacon,HAWAII,2023-08,8.205
2403,pork sliced bacon,HAWAII,2023-09,7.772
2404,pork sliced bacon,HAWAII,2023-10,6.4975000000000005
2405,pork sliced bacon,HAWAII,2023-11,7.545
2406,pork sliced bacon,HAWAII,2023-12,7.176
2407,pork sliced bacon,MIDWEST U.S.,2023-01,5.6475
2408,pork sliced bacon,MIDWEST U.S.,2023-02,5.737500000000001
2409,pork sliced bacon,MIDWEST U.S.,2023-03,5.446
2410,pork sliced bacon,MIDWEST U.S.,2023-04,5.92
2411,pork sliced bacon,MIDWEST U.S.,2023-05,4.9475
2412,pork sliced bacon,MIDWEST U.S.,2023-06,4.982
2413,pork sliced bacon,MIDWEST U.S.,2023-07,4.8675
2414,pork sliced bacon,MIDWEST U.S.,2023-08,5.245
2415,pork sliced bacon,MIDWEST U.S.,2023-09,5.62
2416,pork sliced bacon,MIDWEST U.S.,2023-10,6.5475
2417,pork sliced bacon,MIDWEST U.S.,2023-11,5.742500000000001
2418,pork sliced bacon,MIDWEST U.S.,2023-12,5.754
2419,pork sliced bacon,NATIONAL,2023-01,5.9425
2420,pork sliced bacon,NATIONAL,2023-02,5.7925
2421,pork sliced bacon,NATIONAL,2023-03,5.654000000000001
2422,pork sliced bacon,NATIONAL,2023-04,5.8275
2423,pork sliced bacon,NATIONAL,2023-05,5.34
2424,pork sliced bacon,NATIONAL,2023-06,5.093999999999999
2425,pork sliced bacon,NATIONAL,2023-07,5.025
2426,pork sliced bacon,NATIONAL,2023-08,5.397500000000001
2427,pork sliced bacon,NATIONAL,2023-09,5.894
2428,pork sliced bacon,NATIONAL,2023-10,6.715
2429,pork sliced bacon,NATIONAL,2023-11,5.97
2430,pork sliced bacon,NATIONAL,2023-12,5.832
2431,pork sliced bacon,NORTHEAST U.S.,2023-01,6.01
2432,pork sliced bacon,NORTHEAST U.S.,2023-02,6.075
2433,pork sliced bacon,NORTHEAST U.S.,2023-03,5.851999999999999
2434,pork sliced bacon,NORTHEAST U.S.,2023-04,5.6525
2435,pork sliced bacon,NORTHEAST U.S.,2023-05,5.3475
2436,pork sliced bacon,NORTHEAST U.S.,2023-06,5.331999999999999
2437,pork sliced bacon,NORTHEAST U.S.,2023-07,5.465
2438,pork sliced bacon,NORTHEAST U.S.,2023-08,5.1875
2439,pork sliced bacon,NORTHEAST U.S.,2023-09,6.078
2440,pork sliced bacon,NORTHEAST U.S.,2023-10,6.455
2441,pork sliced bacon,NORTHEAST U.S.,2023-11,6.3425
2442,pork sliced bacon,NORTHEAST U.S.,2023-12,5.904
2443,pork sliced bacon,NORTHWEST U.S.,2023-01,6.772499999999999
2444,pork sliced bacon,NORTHWEST U.S.,2023-02,5.6375
2445,pork sliced bacon,NORTHWEST U.S.,2023-03,6.108
2446,pork sliced bacon,NORTHWEST U.S.,2023-04,5.21
2447,pork sliced bacon,NORTHWEST U.S.,2023-05,5.7825
2448,pork sliced bacon,NORTHWEST U.S.,2023-06,5.0520000000000005
2449,pork sliced bacon,NORTHWEST U.S.,2023-07,5.25
2450,pork sliced bacon,NORTHWEST U.S.,2023-08,6.0225
2451,pork sliced bacon,NORTHWEST U.S.,2023-09,6.498
2452,pork sliced bacon,NORTHWEST U.S.,2023-10,7.112499999999999
2453,pork sliced bacon,NORTHWEST U.S.,2023-11,6.6274999999999995
2454,pork sliced bacon,NORTHWEST U.S.,2023-12,5.965999999999999
2455,pork sliced bacon,SOUTH CENTRAL U.S.,2023-01,5.7925
2456,pork sliced bacon,SOUTH CENTRAL U.S.,2023-02,5.5575
2457,pork sliced bacon,SOUTH CENTRAL U.S.,2023-03,5.192
2458,pork sliced bacon,SOUTH CENTRAL U.S.,2023-04,5.865
2459,pork sliced bacon,SOUTH CENTRAL U.S.,2023-05,5.0424999999999995
2460,pork sliced bacon,SOUTH CENTRAL U.S.,2023-06,4.8759999999999994
2461,pork sliced bacon,SOUTH CENTRAL U.S.,2023-07,4.865
2462,pork sliced bacon,SOUTH CENTRAL U.S.,2023-08,5.49
2463,pork sliced bacon,SOUTH CENTRAL U.S.,2023-09,5.546
2464,pork sliced bacon,SOUTH CENTRAL U.S.,2023-10,6.664999999999999
2465,pork sliced bacon,SOUTH CENTRAL U.S.,2023-11,5.705
2466,pork sliced bacon,SOUTH CENTRAL U.S.,2023-12,5.612
2467,pork sliced bacon,SOUTHEAST U.S.,2023-01,5.6825
2468,pork sliced bacon,SOUTHEAST U.S.,2023-02,5.81
2469,pork sliced bacon,SOUTHEAST U.S.,2023-03,5.6080000000000005
2470,pork sliced bacon,SOUTHEAST U.S.,2023-04,5.8549999999999995
2471,pork sliced bacon,SOUTHEAST U.S.,2023-05,5.565
2472,pork sliced bacon,SOUTHEAST U.S.,2023-06,4.824
2473,pork sliced bacon,SOUTHEAST U.S.,2023-07,4.8225
2474,pork sliced bacon,SOUTHEAST U.S.,2023-08,5.275
2475,pork sliced bacon,SOUTHEAST U.S.,2023-09,5.75
2476,pork sliced bacon,SOUTHEAST U.S.,2023-10,7.047499999999999
2477,pork sliced bacon,SOUTHEAST U.S.,2023-11,5.84
2478,pork sliced bacon,SOUTHEAST U.S.,2023-12,5.814
2479,pork sliced bacon,SOUTHWEST U.S.,2023-01,5.9375
2480,pork sliced bacon,SOUTHWEST U.S.,2023-02,5.325
2481,pork sliced bacon,SOUTHWEST U.S.,2023-03,5.58
2482,pork sliced bacon,SOUTHWEST U.S.,2023-04,6.0325
2483,pork sliced bacon,SOUTHWEST U.S.,2023-05,5.3425
2484,pork sliced bacon,SOUTHWEST U.S.,2023-06,5.654
2485,pork sliced bacon,SOUTHWEST U.S.,2023-07,5.055
2486,pork sliced bacon,SOUTHWEST U.S.,2023-08,5.862500000000001
2487,pork sliced bacon,SOUTHWEST U.S.,2023-09,5.784000000000001
2488,pork sliced bacon,SOUTHWEST U.S.,2023-10,6.4375
2489,pork sliced bacon,SOUTHWEST U.S.,2023-11,6.0575
2490,pork sliced bacon,SOUTHWEST U.S.,2023-12,5.9719999999999995
2597,pork spiral ham,ALASKA,2023-01,3.69
2598,pork spiral ham,ALASKA,2023-03,4.81
2599,pork spiral ham,ALASKA,2023-04,3.11
2600,pork spiral ham,ALASKA,2023-08,5.99
2601,pork spiral ham,ALASKA,2023-11,4.39
2602,pork spiral ham,ALASKA,2023-12,3.8633333333333333
2603,pork spiral ham,HAWAII,2023-04,1.7599999999999998
2604,pork spiral ham,HAWAII,2023-11,2.7099999999999995
2605,pork spiral ham,HAWAII,2023-12,3.4633333333333334
2606,pork spiral ham,MIDWEST U.S.,2023-01,1.1033333333333333
2607,pork spiral ham,MIDWEST U.S.,2023-02,4.140000000000001
2608,pork spiral ham,MIDWEST U.S.,2023-03,2.25
2609,pork spiral ham,MIDWEST U.S.,2023-04,2.04
2610,pork spiral ham,MIDWEST U.S.,2023-05,1.4100000000000001
2611,pork spiral ham,MIDWEST U.S.,2023-06,0.99
2612,pork spiral ham,MIDWEST U.S.,2023-07,2.94
2613,pork spiral ham,MIDWEST U.S.,2023-08,1.465
2614,pork spiral ham,MIDWEST U.S.,2023-09,3.8375000000000004
2615,pork spiral ham,MIDWEST U.S.,2023-10,2.84
2616,pork spiral ham,MIDWEST U.S.,2023-11,3.0
2617,pork spiral ham,MIDWEST U.S.,2023-12,2.496
2618,pork spiral ham,NATIONAL,2023-01,1.72
2619,pork spiral ham,NATIONAL,2023-02,2.9466666666666668
2620,pork spiral ham,NATIONAL,2023-03,2.466
2621,pork spiral ham,NATIONAL,2023-04,3.1275
2622,pork spiral ham,NATIONAL,2023-05,2.58
2623,pork spiral ham,NATIONAL,2023-06,2.49
2624,pork spiral ham,NATIONAL,2023-07,3.7433333333333336
2625,pork spiral ham,NATIONAL,2023-08,2.2
2626,pork spiral ham,NATIONAL,2023-09,4.3175
2627,pork spiral ham,NATIONAL,2023-10,3.64
2628,pork spiral ham,NATIONAL,2023-11,3.1174999999999997
2629,pork spiral ham,NATIONAL,2023-12,2.988
2630,pork spiral ham,NORTHEAST U.S.,2023-01,1.905
2631,pork spiral ham,NORTHEAST U.S.,2023-02,2.6566666666666667
2632,pork spiral ham,NORTHEAST U.S.,2023-03,2.336
2633,pork spiral ham,NORTHEAST U.S.,2023-04,2.236666666666667
2634,pork spiral ham,NORTHEAST U.S.,2023-05,3.14
2635,pork spiral ham,NORTHEAST U.S.,2023-06,3.24
2636,pork spiral ham,NORTHEAST U.S.,2023-07,4.99
2637,pork spiral ham,NORTHEAST U.S.,2023-09,4.2725
2638,pork spiral ham,NORTHEAST U.S.,2023-10,4.53
2639,pork spiral ham,NORTHEAST U.S.,2023-11,3.3600000000000003
2640,pork spiral ham,NORTHEAST U.S.,2023-12,3.28
2641,pork spiral ham,NORTHWEST U.S.,2023-01,2.34
2642,pork spiral ham,NORTHWEST U.S.,2023-02,3.74
2643,pork spiral ham,NORTHWEST U.S.,2023-03,3.06
2644,pork spiral ham,NORTHWEST U.S.,2023-04,2.22
2645,pork spiral ham,NORTHWEST U.S.,2023-05,2.89
2646,pork spiral ham,NORTHWEST U.S.,2023-07,4.99
2647,pork spiral ham,NORTHWEST U.S.,2023-11,2.893333333333333
2648,pork spiral ham,NORTHWEST U.S.,2023-12,2.8175
2649,pork spiral ham,SOUTH CENTRAL U.S.,2023-01,2.235
2650,pork spiral ham,SOUTH CENTRAL U.S.,2023-02,5.99
2651,pork spiral ham,SOUTH CENTRAL U.S.,2023-03,2.5500000000000003
2652,pork spiral ham,SOUTH CENTRAL U.S.,2023-04,2.216666666666667
2653,pork spiral ham,SOUTH CENTRAL U.S.,2023-05,1.99
2654,pork spiral ham,SOUTH CENTRAL U.S.,2023-07,7.19
2655,pork spiral ham,SOUTH CENTRAL U.S.,2023-08,2.49
2656,pork spiral ham,SOUTH CENTRAL U.S.,2023-10,2.88
2657,pork spiral ham,SOUTH CENTRAL U.S.,2023-11,2.75
2658,pork spiral ham,SOUTH CENTRAL U.S.,2023-12,2.384
2659,pork spiral ham,SOUTHEAST U.S.,2023-01,2.4966666666666666
2660,pork spiral ham,SOUTHEAST U.S.,2023-02,1.8
2661,pork spiral ham,SOUTHEAST U.S.,2023-03,2.54
2662,pork spiral ham,SOUTHEAST U.S.,2023-04,2.356666666666667
2663,pork spiral ham,SOUTHEAST U.S.,2023-05,4.49
2664,pork spiral ham,SOUTHEAST U.S.,2023-06,4.24
2665,pork spiral ham,SOUTHEAST U.S.,2023-09,3.516666666666667
2666,pork spiral ham,SOUTHEAST U.S.,2023-10,3.3175000000000003
2667,pork spiral ham,SOUTHEAST U.S.,2023-11,3.1225
2668,pork spiral ham,SOUTHEAST U.S.,2023-12,3.186
2669,pork spiral ham,SOUTHWEST U.S.,2023-01,0.99
2670,pork spiral ham,SOUTHWEST U.S.,2023-02,0.99
2671,pork spiral ham,SOUTHWEST U.S.,2023-03,1.75
2672,pork spiral ham,SOUTHWEST U.S.,2023-04,2.7675
2673,pork spiral ham,SOUTHWEST U.S.,2023-05,1.4900000000000002
2674,pork spiral ham,SOUTHWEST U.S.,2023-06,1.4900000000000002
2675,pork spiral ham,SOUTHWEST U.S.,2023-11,2.6833333333333336
2676,pork spiral ham,SOUTHWEST U.S.,2023-12,2.08
3006,potatoes per pound,ALASKA,2023-01,1.393125
3007,potatoes per pound,ALASKA,2023-02,1.4455555555555553
3008,potatoes per pound,ALASKA,2023-03,1.2655555555555555
3009,potatoes per pound,ALASKA,2023-04,1.5316666666666665
3010,potatoes per pound,ALASKA,2023-05,1.5394444444444444
3011,potatoes per pound,ALASKA,2023-06,1.7416666666666665
3012,potatoes per pound,ALASKA,2023-07,1.9233333333333331
3013,potatoes per pound,ALASKA,2023-08,1.4900000000000002
3014,potatoes per pound,ALASKA,2023-09,1.4266666666666665
3015,potatoes per pound,HAWAII,2023-01,1.5566666666666666
3016,potatoes per pound,HAWAII,2023-02,1.44
3017,potatoes per pound,HAWAII,2023-03,1.5666666666666667
3018,potatoes per pound,HAWAII,2023-04,1.5066666666666666
3019,potatoes per pound,HAWAII,2023-05,1.49
3020,potatoes per pound,HAWAII,2023-06,1.5150000000000001
3021,potatoes per pound,HAWAII,2023-07,1.49
3022,potatoes per pound,HAWAII,2023-08,2.64
3023,potatoes per pound,HAWAII,2023-09,1.69
3024,potatoes per pound,MIDWEST U.S.,2023-01,1.0902083333333334
3025,potatoes per pound,MIDWEST U.S.,2023-02,0.940625
3026,potatoes per pound,MIDWEST U.S.,2023-03,0.9675
3027,potatoes per pound,MIDWEST U.S.,2023-04,1.078125
3028,potatoes per pound,MIDWEST U.S.,2023-05,0.8966666666666666
3029,potatoes per pound,MIDWEST U.S.,2023-06,1.105888888888889
3030,potatoes per pound,MIDWEST U.S.,2023-07,1.1533333333333333
3031,potatoes per pound,MIDWEST U.S.,2023-08,1.031388888888889
3032,potatoes per pound,MIDWEST U.S.,2023-09,0.7766666666666667
3033,potatoes per pound,NATIONAL,2023-01,1.1402083333333333
3034,potatoes per pound,NATIONAL,2023-02,1.135
3035,potatoes per pound,NATIONAL,2023-03,1.1485
3036,potatoes per pound,NATIONAL,2023-04,1.2075
3037,potatoes per pound,NATIONAL,2023-05,1.189375
3038,potatoes per pound,NATIONAL,2023-06,1.3335
3039,potatoes per pound,NATIONAL,2023-07,1.3552083333333333
3040,potatoes per pound,NATIONAL,2023-08,1.18375
3041,potatoes per pound,NATIONAL,2023-09,1.0233333333333332
3042,potatoes per pound,NORTHEAST U.S.,2023-01,1.2166666666666668
3043,potatoes per pound,NORTHEAST U.S.,2023-02,1.1905555555555556
3044,potatoes per pound,NORTHEAST U.S.,2023-03,1.2546666666666666
3045,potatoes per pound,NORTHEAST U.S.,2023-04,1.39
3046,potatoes per pound,NORTHEAST U.S.,2023-05,1.2866666666666666
3047,potatoes per pound,NORTHEAST U.S.,2023-06,1.4553333333333331
3048,potatoes per pound,NORTHEAST U.S.,2023-07,1.425
3049,potatoes per pound,NORTHEAST U.S.,2023-08,1.3405555555555555
3050,potatoes per pound,NORTHEAST U.S.,2023-09,1.415
3051,potatoes per pound,NORTHWEST U.S.,2023-01,0.99
3052,potatoes per pound,NORTHWEST U.S.,2023-02,0.995
3053,potatoes per pound,NORTHWEST U.S.,2023-03,0.856
3054,potatoes per pound,NORTHWEST U.S.,2023-04,1.1105555555555557
3055,potatoes per pound,NORTHWEST U.S.,2023-05,1.1649999999999998
3056,potatoes per pound,NORTHWEST U.S.,2023-06,1.3177777777777777
3057,potatoes per pound,NORTHWEST U.S.,2023-07,1.4333333333333333
3058,potatoes per pound,NORTHWEST U.S.,2023-08,1.3
3059,potatoes per pound,NORTHWEST U.S.,2023-09,0.99
3060,potatoes per pound,SOUTH CENTRAL U.S.,2023-01,1.049375
3061,potatoes per pound,SOUTH CENTRAL U.S.,2023-02,1.1408333333333334
3062,potatoes per pound,SOUTH CENTRAL U.S.,2023-03,1.0797916666666667
3063,potatoes per pound,SOUTH CENTRAL U.S.,2023-04,1.1195833333333334
3064,potatoes per pound,SOUTH CENTRAL U.S.,2023-05,1.0972916666666666
3065,potatoes per pound,SOUTH CENTRAL U.S.,2023-06,1.515625
3066,potatoes per pound,SOUTH CENTRAL U.S.,2023-07,1.2497916666666666
3067,potatoes per pound,SOUTH CENTRAL U.S.,2023-08,1.210208333333333
3068,potatoes per pound,SOUTH CENTRAL U.S.,2023-09,1.02
3069,potatoes per pound,SOUTHEAST U.S.,2023-01,0.99
3070,potatoes per pound,SOUTHEAST U.S.,2023-02,1.1891666666666667
3071,potatoes per pound,SOUTHEAST U.S.,2023-03,1.1475
3072,potatoes per pound,SOUTHEAST U.S.,2023-04,1.0575
3073,potatoes per pound,SOUTHEAST U.S.,2023-05,0.9133333333333334
3074,potatoes per pound,SOUTHEAST U.S.,2023-06,1.1841666666666668
3075,potatoes per pound,SOUTHEAST U.S.,2023-07,1.3266666666666667
3076,potatoes per pound,SOUTHEAST U.S.,2023-08,1.26375
3077,potatoes per pound,SOUTHEAST U.S.,2023-09,1.1733333333333333
3078,potatoes per pound,SOUTHWEST U.S.,2023-01,1.4297916666666668
3079,potatoes per pound,SOUTHWEST U.S.,2023-02,1.1520833333333333
3080,potatoes per pound,SOUTHWEST U.S.,2023-03,1.1970833333333333
3081,potatoes per pound,SOUTHWEST U.S.,2023-04,1.078125
3082,potatoes per pound,SOUTHWEST U.S.,2023-05,1.1002083333333332
3083,potatoes per pound,SOUTHWEST U.S.,2023-06,1.115625
3084,potatoes per pound,SOUTHWEST U.S.,2023-07,1.33875
3085,potatoes per pound,SOUTHWEST U.S.,2023-08,1.1379166666666667
3086,potatoes per pound,SOUTHWEST U.S.,2023-09,0.9
3132,tomatoes per pound,ALASKA,2023-01,2.8313888888888887
3133,tomatoes per pound,ALASKA,2023-02,2.647777777777778
3134,tomatoes per pound,ALASKA,2023-03,2.393333333333333
3135,tomatoes per pound,ALASKA,2023-04,2.2494444444444444
3136,tomatoes per pound,ALASKA,2023-05,2.1225
3137,tomatoes per pound,ALASKA,2023-06,2.3095
3138,tomatoes per pound,ALASKA,2023-07,2.754375
3139,tomatoes per pound,ALASKA,2023-08,2.167777777777778
3140,tomatoes per pound,ALASKA,2023-09,2.74
3141,tomatoes per pound,HAWAII,2023-02,3.14
3142,tomatoes per pound,HAWAII,2023-03,2.9625000000000004
3143,tomatoes per pound,HAWAII,2023-04,2.665
3144,tomatoes per pound,HAWAII,2023-05,2.671666666666667
3145,tomatoes per pound,HAWAII,2023-06,2.73
3146,tomatoes per pound,HAWAII,2023-07,4.220000000000001
3147,tomatoes per pound,HAWAII,2023-08,2.99
3148,tomatoes per pound,MIDWEST U.S.,2023-01,2.94875
3149,tomatoes per pound,MIDWEST U.S.,2023-02,1.9400000000000002
3150,tomatoes per pound,MIDWEST U.S.,2023-03,2.04475
3151,tomatoes per pound,MIDWEST U.S.,2023-04,1.6587500000000002
3152,tomatoes per pound,MIDWEST U.S.,2023-05,1.7371874999999999
3153,tomatoes per pound,MIDWEST U.S.,2023-06,1.75775
3154,tomatoes per pound,MIDWEST U.S.,2023-07,1.6160416666666666
3155,tomatoes per pound,MIDWEST U.S.,2023-08,2.028958333333333
3156,tomatoes per pound,MIDWEST U.S.,2023-09,1.7375
3157,tomatoes per pound,NATIONAL,2023-01,2.96
3158,tomatoes per pound,NATIONAL,2023-02,2.2441666666666666
3159,tomatoes per pound,NATIONAL,2023-03,2.04375
3160,tomatoes per pound,NATIONAL,2023-04,1.80125
3161,tomatoes per pound,NATIONAL,2023-05,1.7815625
3162,tomatoes per pound,NATIONAL,2023-06,1.7575
3163,tomatoes per pound,NATIONAL,2023-07,1.9537499999999999
3164,tomatoes per pound,NATIONAL,2023-08,1.83625
3165,tomatoes per pound,NATIONAL,2023-09,1.8712499999999999
3166,tomatoes per pound,NORTHEAST U.S.,2023-01,1.9708333333333332
3167,tomatoes per pound,NORTHEAST U.S.,2023-02,2.2609375000000003
3168,tomatoes per pound,NORTHEAST U.S.,2023-03,2.09075
3169,tomatoes per pound,NORTHEAST U.S.,2023-04,1.9390625
3170,tomatoes per pound,NORTHEAST U.S.,2023-05,1.9403124999999999
3171,tomatoes per pound,NORTHEAST U.S.,2023-06,2.1572500000000003
3172,tomatoes per pound,NORTHEAST U.S.,2023-07,2.268125
3173,tomatoes per pound,NORTHEAST U.S.,2023-08,2.2546875
3174,tomatoes per pound,NORTHEAST U.S.,2023-09,1.5599999999999998
3175,tomatoes per pound,NORTHWEST U.S.,2023-01,2.0163888888888892
3176,tomatoes per pound,NORTHWEST U.S.,2023-02,2.530625
3177,tomatoes per pound,NORTHWEST U.S.,2023-03,1.591
3178,tomatoes per pound,NORTHWEST U.S.,2023-04,1.5966666666666667
3179,tomatoes per pound,NORTHWEST U.S.,2023-05,1.8639583333333334
3180,tomatoes per pound,NORTHWEST U.S.,2023-06,2.165
3181,tomatoes per pound,NORTHWEST U.S.,2023-07,2.356875
3182,tomatoes per pound,NORTHWEST U.S.,2023-08,1.5866666666666667
3183,tomatoes per pound,NORTHWEST U.S.,2023-09,1.6199999999999999
3184,tomatoes per pound,SOUTH CENTRAL U.S.,2023-01,1.5283333333333333
3185,tomatoes per pound,SOUTH CENTRAL U.S.,2023-02,1.9415625
3186,tomatoes per pound,SOUTH CENTRAL U.S.,2023-03,2.0010000000000003
3187,tomatoes per pound,SOUTH CENTRAL U.S.,2023-04,1.4709375
3188,tomatoes per pound,SOUTH CENTRAL U.S.,2023-05,1.37
3189,tomatoes per pound,SOUTH CENTRAL U.S.,2023-06,1.7305833333333334
3190,tomatoes per pound,SOUTH CENTRAL U.S.,2023-07,2.1509375
3191,tomatoes per pound,SOUTH CENTRAL U.S.,2023-08,2.0765625
3192,tomatoes per pound,SOUTH CENTRAL U.S.,2023-09,1.7525
3193,tomatoes per pound,SOUTHEAST U.S.,2023-01,1.946111111111111
3194,tomatoes per pound,SOUTHEAST U.S.,2023-02,1.8095833333333333
3195,tomatoes per pound,SOUTHEAST U.S.,2023-03,2.4314999999999998
3196,tomatoes per pound,SOUTHEAST U.S.,2023-04,1.676875
3197,tomatoes per pound,SOUTHEAST U.S.,2023-05,1.4675
3198,tomatoes per pound,SOUTHEAST U.S.,2023-06,1.51375
3199,tomatoes per pound,SOUTHEAST U.S.,2023-07,1.736875
3200,tomatoes per pound,SOUTHEAST U.S.,2023-08,1.7175
3201,tomatoes per pound,SOUTHEAST U.S.,2023-09,1.615
3202,tomatoes per pound,SOUTHWEST U.S.,2023-01,1.586666666666667
3203,tomatoes per pound,SOUTHWEST U.S.,2023-02,1.550972222222222
3204,tomatoes per pound,SOUTHWEST U.S.,2023-03,1.88625
3205,tomatoes per pound,SOUTHWEST U.S.,2023-04,2.0856250000000003
3206,tomatoes per pound,SOUTHWEST U.S.,2023-05,2.05125
3207,tomatoes per pound,SOUTHWEST U.S.,2023-06,1.8800000000000001
3208,tomatoes per pound,SOUTHWEST U.S.,2023-07,1.8708333333333333
3209,tomatoes per pound,SOUTHWEST U.S.,2023-08,2.3372916666666668
3210,tomatoes per pound,SOUTHWEST U.S.,2023-09,1.93
